Player,Batting Form,Bowling Form,Fielding Form,Credits,Player Type,Team
Abdul Samad,74.46531791907515,45.07225433526012,70.4335260115607,6.5,BAT,LSG
Abhinav Manohar,43.959537572254334,48.52601156069365,49.91329479768786,6.5,BAT,SRH
Abhishek Sharma,90.40462427745665,52.384393063583815,65.95375722543353,8.5,ALL,SRH
Abishek Porel,74.56647398843931,48.52601156069365,62.39884393063585,6.5,WK,DC
Adam Zampa,18.583815028901732,39.16184971098266,26.502890173410407,7.5,BOWL,SRH
Aiden Markram,66.64739884393065,44.667630057803464,62.19653179190752,8.0,ALL,LSG
Ajinkya Rahane,67.36994219653181,48.52601156069365,51.06936416184971,7.5,BAT,KKR
Akash Deep,54.76878612716763,38.482658959537574,43.26589595375723,7.0,BOWL,LSG
Akash Madhwal,25.3757225433526,58.41040462427747,33.00578034682081,7.0,BOWL,RR
Akash Singh,9.089595375722544,41.430635838150295,33.00578034682081,6.0,BOWL,LSG
Andre Russell,90.82369942196532,69.08959537572255,64.79768786127168,8.5,ALL,KKR
Andre Siddharth,9.089595375722544,44.75433526011561,33.00578034682081,5.5,BAT,CHE
Angkrish Raghuvanshi,68.00578034682081,48.52601156069365,46.73410404624278,6.5,BAT,KKR
Anrich Nortje,42.18208092485549,67.13872832369943,52.80346820809249,8.0,BOWL,KKR
Anshul Kamboj,25.881502890173408,29.580924855491325,43.26589595375723,6.0,BOWL,CHE
Anuj Rawat,61.84971098265896,48.52601156069365,74.39306358381504,6.5,WK,GT
Anukul Sudhakar Roy,40.9393063583815,44.638728323699425,43.26589595375723,6.0,ALL,KKR
Arjun Tendulkar,46.517341040462426,40.3757225433526,26.502890173410407,5.0,BOWL,MI
Arshad Khan,43.84393063583815,25.520231213872833,37.052023121387286,5.5,ALL,GT
Arshdeep Singh,37.18208092485549,72.45664739884394,61.76300578034682,8.5,BOWL,PBKS
Ashutosh Sharma,70.05780346820809,48.52601156069365,30.404624277456648,7.0,BAT,DC
Atharva Taide,68.38150289017342,22.341040462427745,48.90173410404624,6.5,BAT,SRH
Avesh Khan,56.77745664739884,61.242774566474,41.820809248554916,8.0,BOWL,LSG
Axar Patel,77.91907514450867,74.1907514450867,72.16763005780348,9.0,ALL,DC
Ayush Badoni,73.64161849710983,47.26878612716763,67.25433526011561,7.0,BAT,LSG
Azmatullah Omarzai,46.445086705202314,53.2514450867052,26.502890173410407,7.5,ALL,PBKS
Bhuvneshwar Kumar,44.320809248554916,69.47976878612717,52.80346820809249,8.0,BOWL,RCB
Chetan Sakariya,25.447976878612717,49.32080924855491,39.21965317919075,6.0,BOWL,KKR
Darshan Nalkande,35.202312138728324,44.8121387283237,39.21965317919075,6.5,BOWL,DC
David Miller,74.82658959537574,48.52601156069365,62.63005780346821,8.0,BAT,LSG
Deepak Chahar,42.02312138728324,60.78034682080926,41.38728323699422,8.0,BOWL,MI
Deepak Hooda,56.38728323699422,44.0606936416185,61.1849710982659,7.0,BAT,CHE
Devdutt Padikkal,62.34104046242775,48.52601156069365,55.40462427745665,7.0,BAT,RCB
Devon Conway,82.81791907514452,48.52601156069365,57.86127167630058,8.0,WK,CHE
Dhruv Jurel,79.11849710982659,48.52601156069365,63.93063583815029,7.5,WK,RR
Donovan Ferreira,26.069364161849713,48.52601156069365,33.00578034682081,7.0,ALL,DC
Dushmantha Chameera,9.089595375722544,22.86127167630058,26.502890173410407,7.0,BOWL,DC
Faf du Plessis,85.05780346820809,48.52601156069365,56.84971098265896,8.5,BAT,DC
FazalHaq Farooqi,14.147398843930636,36.84971098265896,29.68208092485549,7.0,BOWL,RR
Gerald Coetzee,30.0,51.517341040462426,39.21965317919075,7.0,BOWL,GT
Glenn Maxwell,64.1907514450867,67.47109826589596,58.872832369942195,8.5,ALL,PBKS
Glenn Phillips,64.2485549132948,49.017341040462426,33.00578034682081,8.0,BAT,GT
Gurnoor Brar Singh,9.089595375722544,24.075144508670522,26.502890173410407,5.5,BOWL,GT
Hardik Pandya,71.96531791907515,49.45086705202313,61.47398843930636,9.0,ALL,MI
Harpreet Brar,58.26589595375723,68.09248554913296,65.95375722543353,6.5,BOWL,PBKS
Harshal Patel,39.421965317919074,69.82658959537574,47.601156069364166,8.0,BOWL,SRH
Harshit Rana,28.540462427745666,65.14450867052024,52.80346820809249,8.0,BOWL,KKR
Heinrich Klaasen,91.99421965317919,48.52601156069365,88.90173410404624,9.0,WK,SRH
Ishan Kishan,87.1965317919075,48.52601156069365,93.35260115606937,8.0,WK,SRH
Ishant Sharma,14.956647398843932,63.03468208092486,39.21965317919075,7.5,BOWL,GT
Jake Fraser-McGurk,82.22543352601157,48.52601156069365,43.26589595375723,7.5,BAT,DC
Jasprit Bumrah,36.127167630057805,80.14450867052024,55.982658959537574,9.0,BOWL,MI
Jayant Yadav,9.089595375722544,42.369942196531795,33.00578034682081,6.5,BOWL,GT
Jaydev Unadkat,40.83815028901734,41.64739884393064,26.502890173410407,7.0,BOWL,SRH
Jitesh Sharma,55.895953757225435,48.52601156069365,89.88439306358381,7.5,WK,RCB
Jofra Archer,26.286127167630056,23.51156069364162,33.00578034682081,8.0,BOWL,RR
Jos Buttler,67.94797687861272,48.52601156069365,63.20809248554914,9.0,WK,GT
Josh Hazlewood,29.508670520231217,71.60404624277457,33.00578034682081,8.5,BOWL,RCB
K Nitish Reddy,72.55780346820809,32.05202312138728,52.80346820809249,8.0,ALL,SRH
Kagiso Rabada,37.48554913294798,57.54335260115607,44.85549132947977,8.5,BOWL,GT
Karn Sharma,62.25433526011561,51.77745664739885,52.80346820809249,6.5,BOWL,MI
Khaleel Ahmed,9.089595375722544,69.2485549132948,36.040462427745666,7.5,BOWL,CHE
Krunal Pandya,47.65895953757226,65.0,59.73988439306358,7.5,ALL,RCB
Kuldeep Sen,9.089595375722544,53.930635838150295,46.73410404624278,6.0,BOWL,PBKS
Kuldeep Yadav,50.30346820809248,75.5635838150289,60.46242774566474,8.5,BOWL,DC
Kulwant Khejroliya,9.089595375722544,30.057803468208096,26.502890173410407,6.0,BOWL,GT
Kumar Kartikeya,28.656069364161855,55.30346820809248,33.00578034682081,6.0,BOWL,RR
Kumar Kushagra,18.482658959537574,48.52601156069365,33.00578034682081,5.5,WK,GT
Kwena Maphaka,9.089595375722544,23.309248554913292,26.502890173410407,6.0,BOWL,RR
Liam Livingstone,82.97687861271676,57.6878612716763,49.47976878612717,8.0,ALL,RCB
Lockie Ferguson,39.01734104046243,53.323699421965316,45.578034682080926,7.5,BOWL,PBKS
Lokesh Rahul,81.84971098265896,48.52601156069365,96.53179190751446,9.0,WK,DC
MS Dhoni,78.98843930635837,48.52601156069365,99.65317919075146,7.0,WK,CHE
Maheesh Theekshana,22.41329479768786,48.26589595375723,37.63005780346821,7.5,BOWL,RR
Mahipal Lomror,73.78612716763006,27.196531791907518,60.46242774566474,6.5,BAT,GT
Manav Suthar,17.8757225433526,24.421965317919078,26.502890173410407,6.0,ALL,GT
Manimaran Siddharth,9.089595375722544,44.75433526011561,33.00578034682081,6.0,BOWL,LSG
Manish Pandey,54.91329479768787,48.52601156069365,40.664739884393065,7.0,BAT,KKR
Marco Jansen,35.23121387283237,65.1300578034682,50.63583815028902,8.0,ALL,PBKS
Marcus Stoinis,62.08092485549134,64.6242774566474,50.63583815028902,8.0,ALL,PBKS
Matheesha Pathirana,9.089595375722544,76.04046242774567,52.80346820809249,8.5,BOWL,CHE
Mayank Markande,54.34971098265896,59.56647398843931,43.26589595375723,6.0,BOWL,KKR
Mayank Yadav,9.089595375722544,63.02023121387283,33.00578034682081,7.5,BOWL,LSG
Mitchell Marsh,75.02890173410404,66.5606936416185,36.040462427745666,8.0,BAT,LSG
Mitchell Santner,36.48843930635839,51.676300578034684,37.63005780346821,7.5,ALL,MI
Mitchell Starc,24.49421965317919,49.710982658959544,45.28901734104046,8.5,BOWL,DC
Moeen Ali,79.4364161849711,72.94797687861274,68.98843930635839,7.0,ALL,KKR
Mohammed Shami,18.959537572254334,60.260115606936424,45.86705202312139,8.5,BOWL,SRH
Mohammed Siraj,35.39017341040462,75.28901734104048,58.872832369942195,8.0,BOWL,GT
Mohit Rathee,17.283236994219653,23.728323699421967,26.502890173410407,6.0,ALL,RCB
Mohit Sharma,15.679190751445086,60.89595375722544,48.32369942196532,7.5,BOWL,DC
Mohsin Khan,42.76011560693641,68.9306358381503,39.21965317919075,7.0,BOWL,LSG
Mukesh Choudhary,32.02312138728324,54.33526011560694,43.26589595375723,6.5,BOWL,CHE
Mukesh Kumar,25.043352601156073,57.514450867052034,52.80346820809249,7.0,BOWL,DC
Naman Dhir,70.72254335260116,35.86705202312139,43.26589595375723,6.5,ALL,MI
Nathan Ellis,23.58381502890174,51.213872832369944,30.404624277456648,7.0,BOWL,CHE
Nehal Wadhera,70.23121387283237,42.369942196531795,52.80346820809249,7.5,BAT,PBKS
Nicholas Pooran,93.41040462427745,48.52601156069365,91.64739884393065,8.5,WK,LSG
Nitish Rana,73.52601156069363,44.6242774566474,54.82658959537572,7.5,ALL,RR
Noor Ahmad,21.51734104046243,69.04624277456648,44.85549132947977,7.5,BOWL,CHE
Nuwan Thushara,9.089595375722544,46.57514450867052,33.00578034682081,7.5,BOWL,RCB
Pat Cummins,62.19653179190751,54.45086705202313,60.46242774566474,8.5,BOWL,SRH
Philip Salt,75.3757225433526,48.52601156069365,59.624277456647405,8.5,WK,RCB
Prabhsimran Singh,82.77456647398844,48.52601156069365,39.21965317919075,7.5,WK,PBKS
Prasidh Krishna,9.089595375722544,36.73410404624278,26.502890173410407,7.5,BOWL,GT
Pravin Dubey,34.76878612716763,49.971098265895954,26.502890173410407,6.0,BOWL,PBKS
Quinton de Kock,66.242774566474,48.52601156069365,82.94797687861272,8.0,WK,KKR
Rachin Ravindra,72.60115606936417,44.71098265895954,57.86127167630058,8.0,BAT,CHE
Rahmanullah Gurbaz,64.82658959537572,48.52601156069365,77.60115606936417,7.5,WK,KKR
Rahul Chahar,50.982658959537574,69.8699421965318,63.93063583815029,6.5,BOWL,SRH
Rahul Tewatia,77.63005780346822,26.416184971098268,69.85549132947978,7.0,ALL,GT
Rahul Tripathi,63.64161849710983,48.52601156069365,48.32369942196532,7.5,BAT,CHE
Rajat Patidar,87.76011560693641,48.52601156069365,57.86127167630058,8.0,BAT,RCB
Rajvardhan Hangargekar,9.089595375722544,43.19364161849711,26.502890173410407,5.5,BOWL,LSG
Ramandeep Singh,72.03757225433526,24.2485549132948,60.46242774566474,7.5,ALL,KKR
Rashid-Khan,79.33526011560694,78.5549132947977,70.72254335260116,9.0,BOWL,GT
Rasikh Salam,25.65028901734104,37.919075144508675,33.00578034682081,6.5,BOWL,RCB
Ravi Bishnoi,31.44508670520231,70.14450867052024,67.97687861271677,8.0,BOWL,LSG
Ravichandran Ashwin,46.24277456647399,62.54335260115607,49.47976878612717,8.0,ALL,CHE
Ravindra Jadeja,79.378612716763,74.39306358381504,73.03468208092487,8.5,ALL,CHE
Ravisrinivasan Sai Kishore,56.3150289017341,66.09826589595376,48.90173410404624,7.0,BOWL,GT
Reece Topley,19.30635838150289,38.482658959537574,33.00578034682081,6.5,BOWL,MI
Rinku Singh,84.8121387283237,48.52601156069365,71.15606936416185,7.5,BAT,KKR
Rishabh Pant,61.70520231213873,48.52601156069365,92.42774566473989,9.0,WK,LSG
Riyan Parag,81.53179190751446,28.540462427745666,72.60115606936417,8.0,ALL,RR
Rohit Sharma,82.28323699421966,26.416184971098268,63.93063583815029,9.0,BAT,MI
Romario Shepherd,55.40462427745665,40.02890173410405,26.502890173410407,7.0,ALL,RCB
Rovman Powell,67.10982658959539,49.176300578034684,59.45086705202312,7.0,BAT,KKR
Ruturaj Gaikwad,88.49710982658961,48.52601156069365,72.60115606936417,9.0,BAT,CHE
Sai Sudharsan,82.8757225433526,48.52601156069365,46.73410404624278,8.0,BAT,GT
Sam Curran,67.60115606936417,51.820809248554916,55.115606936416185,7.5,ALL,CHE
Sameer Rizvi,43.959537572254334,48.52601156069365,29.68208092485549,6.5,BAT,DC
Sandeep Sharma,15.765895953757225,63.6849710982659,55.982658959537574,7.5,BOWL,RR
Sanju Samson,91.0693641618497,48.52601156069365,98.15028901734105,9.0,WK,RR
Shahbaz Ahmed,56.41618497109827,41.994219653179194,54.53757225433526,7.0,ALL,LSG
Shahrukh Khan,43.84393063583815,25.520231213872833,37.052023121387286,7.5,ALL,GT
Shamar Joseph,9.089595375722544,25.11560693641619,26.502890173410407,6.5,BOWL,LSG
Shashank Singh,78.61271676300578,52.70231213872833,55.982658959537574,7.5,BAT,PBKS
Shimron Hetmyer,85.15895953757224,48.52601156069365,69.85549132947978,7.5,BAT,RR
Shivam Dube,90.62138728323698,23.049132947976876,67.97687861271677,8.0,BAT,CHE
Shreyas Gopal,9.089595375722544,44.27745664739885,33.00578034682081,6.5,BOWL,CHE
Shreyas Iyer,77.51445086705203,44.884393063583815,56.5606936416185,8.5,BAT,PBKS
Shubham Dubey,70.05780346820809,48.52601156069365,26.502890173410407,5.5,BAT,RR
Shubman Gill,89.71098265895955,48.52601156069365,65.95375722543353,9.0,BAT,GT
Simarjeet- Singh,18.959537572254334,40.895953757225435,36.040462427745666,6.0,BOWL,SRH
Spencer Johnson,27.933526011560694,35.736994219653184,36.61849710982659,6.5,BOWL,KKR
Sunil Narine,86.09826589595376,78.71387283236994,65.95375722543353,9.0,ALL,KKR
Suryakumar Yadav,93.35260115606937,48.52601156069365,68.98843930635839,9.0,BAT,MI
Suyash Sharma,9.089595375722544,39.971098265895954,29.68208092485549,6.0,BOWL,RCB
Swapnil Singh,43.4393063583815,51.27167630057804,35.46242774566474,7.0,ALL,RCB
T Natarajan,9.089595375722544,69.23410404624278,52.80346820809249,7.5,BOWL,DC
Tilak Varma,86.99421965317919,40.54913294797688,71.15606936416185,8.0,BAT,MI
Tim David,58.4971098265896,48.52601156069365,62.19653179190752,7.5,BAT,RCB
Travis Head,89.71098265895954,22.514450867052023,26.502890173410407,9.0,BAT,SRH
Trent Boult,40.28901734104046,68.81502890173411,57.138728323699425,8.5,BOWL,MI
Tristan Stubbs,63.38150289017341,39.82658959537573,47.89017341040463,8.0,BAT,DC
Tushar Deshpande,9.089595375722544,58.38150289017341,40.3757225433526,7.5,BOWL,RR
Umran Malik,52.1242774566474,65.63583815028902,52.80346820809249,6.0,BOWL,KKR
Vaibhav Arora,33.36705202312139,57.32658959537572,46.73410404624278,6.5,BOWL,KKR
Varun Chakravarthy,27.615606936416185,78.49710982658961,62.919075144508675,9.0,BOWL,KKR
Venkatesh Iyer,84.07514450867052,33.872832369942195,68.98843930635839,8.0,BAT,KKR
Vijay Shankar,70.40462427745665,30.23121387283237,57.86127167630058,6.5,BAT,CHE
Virat Kohli,86.1271676300578,48.52601156069365,73.32369942196533,9.0,BAT,RCB
Vishnu Vinod,49.580924855491325,48.52601156069365,26.502890173410407,6.5,WK,PBKS
Vyshak Vijaykumar,38.65606936416185,49.436416184971094,46.73410404624278,7.0,BOWL,PBKS
Wanindu Hasaranga,46.08381502890173,73.4971098265896,43.26589595375723,8.5,ALL,RR
Washington Sundar,56.38728323699422,50.621387283237,43.26589595375723,7.0,ALL,GT
Will Jacks,67.63005780346822,35.14450867052023,38.063583815028906,7.5,ALL,MI
Yash Dayal,9.089595375722544,53.121387283237,40.95375722543353,7.0,BOWL,RCB
Yash Thakur,9.089595375722544,56.835260115606935,39.21965317919075,6.5,BOWL,PBKS
Yashasvi Jaiswal,90.60693641618496,22.167630057803468,69.85549132947978,9.0,BAT,RR
Yudhvir Singh Charak,48.6849710982659,40.82369942196532,26.502890173410407,6.5,ALL,RR
Yuzvendra Chahal,16.546242774566476,81.47398843930637,41.38728323699422,8.5,BOWL,PBKS
